{"cameraMode":{"drawMode":0,"name":"Shaded","section":"Shading Mode"},"sceneLighting":true,"audioPlay":false,"sceneViewState":{"showFog":true,"showMaterialUpdate":false,"showSkybox":true,"showFlares":true,"showImageEffects":true,"showParticleSystems":true},"in2DMode":false,"pivot":{"x":0.41511693596839907,"y":2.9670627117156984,"z":-0.14168739318847657},"rotation":{"x":0.05097566917538643,"y":0.011984995566308499,"z":-0.0006112886476330459,"w":0.9986445307731628},"size":4.359378337860107,"orthographic":false}